day,date,amount of pick_ups,amount of analytics.taxi's
Tuesday,2013-01-01 00:00:00,25433,9866
Tuesday,2013-11-01 01:00:00,23175,9052
Tuesday,2013-11-01 02:00:00,18881,7756
Tuesday,2013-11-01 03:00:00,13536,6142
Tuesday,2013-11-01 04:00:00,9111,4459
Tuesday,2013-11-01 05:00:00,7046,3747
Tuesday,2013-11-01 06:00:00,12560,5609
Tuesday,2013-11-01 07:00:00,22576,8420
Tuesday,2013-11-01 08:00:00,26946,9728
Tuesday,2013-11-01 09:00:00,26103,10262
Tuesday,2013-11-01 10:00:00,24219,10329
Tuesday,2013-11-01 11:00:00,22742,10226
Tuesday,2013-11-01 12:00:00,23305,9676
Tuesday,2013-11-01 13:00:00,22691,8913
Tuesday,2013-11-01 14:00:00,24127,9901
Tuesday,2013-11-01 15:00:00,21712,9325
Tuesday,2013-11-01 16:00:00,16990,8315
Tuesday,2013-11-01 17:00:00,21121,9490
Tuesday,2013-11-01 18:00:00,26903,10755
Tuesday,2013-11-01 19:00:00,30769,11233
Tuesday,2013-11-01 20:00:00,31623,11263
Tuesday,2013-11-01 21:00:00,30781,10953
Tuesday,2013-11-01 22:00:00,32312,11026
Tuesday,2013-11-01 23:00:00,31983,11059
Wednesday,2013-11-02 00:00:00,29411,10710
Wednesday,2013-11-02 01:00:00,26335,10029
Wednesday,2013-11-02 02:00:00,22301,8886
Wednesday,2013-11-02 03:00:00,16540,7277
Wednesday,2013-11-02 04:00:00,10452,5242
Wednesday,2013-11-02 05:00:00,5140,3106
Wednesday,2013-11-02 06:00:00,5364,3327
Wednesday,2013-11-02 07:00:00,8712,4770
Wednesday,2013-11-02 08:00:00,12292,6211
Wednesday,2013-11-02 09:00:00,18224,7665
Wednesday,2013-11-02 10:00:00,21436,8518
Wednesday,2013-11-02 11:00:00,23883,9243
Wednesday,2013-11-02 12:00:00,26279,9544
Wednesday,2013-11-02 13:00:00,26583,9695
Wednesday,2013-11-02 14:00:00,25391,9690
Wednesday,2013-11-02 15:00:00,26065,9426
Wednesday,2013-11-02 16:00:00,22206,8585
Wednesday,2013-11-02 17:00:00,25654,9106
Wednesday,2013-11-02 18:00:00,30589,10163
Wednesday,2013-11-02 19:00:00,32655,10467
Wednesday,2013-11-02 20:00:00,31205,10722
Wednesday,2013-11-02 21:00:00,30075,10599
Wednesday,2013-11-02 22:00:00,31745,10770
Wednesday,2013-11-02 23:00:00,33165,10853
Thursday,2013-11-03 00:00:00,32306,10668
Thursday,2013-11-03 01:00:00,50605,10556
Thursday,2013-11-03 02:00:00,19729,8306
Thursday,2013-11-03 03:00:00,14339,6701
Thursday,2013-11-03 04:00:00,8633,4528
Thursday,2013-11-03 05:00:00,7315,3470
Thursday,2013-11-03 06:00:00,6517,3647
Thursday,2013-11-03 07:00:00,7121,4090
Thursday,2013-11-03 08:00:00,9364,4860
Thursday,2013-11-03 09:00:00,13498,5898
Thursday,2013-11-03 10:00:00,18151,6798
Thursday,2013-11-03 11:00:00,21181,7380
Thursday,2013-11-03 12:00:00,22703,7677
Thursday,2013-11-03 13:00:00,22644,7995
Thursday,2013-11-03 14:00:00,22062,8149
Thursday,2013-11-03 15:00:00,21740,8191
Thursday,2013-11-03 16:00:00,19863,7772
Thursday,2013-11-03 17:00:00,21642,8096
Thursday,2013-11-03 18:00:00,25758,8700
Thursday,2013-11-03 19:00:00,26609,8880
Thursday,2013-11-03 20:00:00,24785,8794
Thursday,2013-11-03 21:00:00,22452,8454
Thursday,2013-11-03 22:00:00,19858,7753
Thursday,2013-11-03 23:00:00,13731,6487
Friday,2013-11-04 00:00:00,8771,4672
Friday,2013-11-04 01:00:00,4885,2884
Friday,2013-11-04 02:00:00,3054,1903
Friday,2013-11-04 03:00:00,2251,1497
Friday,2013-11-04 04:00:00,2951,1931
Friday,2013-11-04 05:00:00,5279,3219
Friday,2013-11-04 06:00:00,13106,5732
Friday,2013-11-04 07:00:00,21410,7821
Friday,2013-11-04 08:00:00,24276,8800
Friday,2013-11-04 09:00:00,23539,9318
Friday,2013-11-04 10:00:00,21447,9403
Friday,2013-11-04 11:00:00,21437,9322
Friday,2013-11-04 12:00:00,22311,9321
Friday,2013-11-04 13:00:00,21467,9355
Friday,2013-11-04 14:00:00,22795,9381
Friday,2013-11-04 15:00:00,22346,8899
Friday,2013-11-04 16:00:00,18832,8139
Friday,2013-11-04 17:00:00,23970,9200
Friday,2013-11-04 18:00:00,29168,10320
Friday,2013-11-04 19:00:00,30836,10795
Friday,2013-11-04 20:00:00,28667,10585
Friday,2013-11-04 21:00:00,26792,10055
Friday,2013-11-04 22:00:00,23757,9303
Friday,2013-11-04 23:00:00,16625,8137
Saturday,2013-11-05 00:00:00,10524,5839
Saturday,2013-11-05 01:00:00,5669,3458
Saturday,2013-11-05 02:00:00,3673,2246
Saturday,2013-11-05 03:00:00,2403,1540
Saturday,2013-11-05 04:00:00,2627,1729
Saturday,2013-11-05 05:00:00,4320,2761
Saturday,2013-11-05 06:00:00,12266,5832
Saturday,2013-11-05 07:00:00,22181,8529
Saturday,2013-11-05 08:00:00,25569,9724
Saturday,2013-11-05 09:00:00,24215,10146
Saturday,2013-11-05 10:00:00,21767,9968
Saturday,2013-11-05 11:00:00,22045,9994
Saturday,2013-11-05 12:00:00,22902,9897
Saturday,2013-11-05 13:00:00,22662,10055
Saturday,2013-11-05 14:00:00,23856,9862
Saturday,2013-11-05 15:00:00,22752,9404
Saturday,2013-11-05 16:00:00,18421,8317
Saturday,2013-11-05 17:00:00,24260,9588
Saturday,2013-11-05 18:00:00,30398,10751
Saturday,2013-11-05 19:00:00,31202,10845
Saturday,2013-11-05 20:00:00,29604,10723
Saturday,2013-11-05 21:00:00,29566,10567
Saturday,2013-11-05 22:00:00,26844,10112
Saturday,2013-11-05 23:00:00,19886,9163
Sunday,2013-11-06 00:00:00,12215,6632
Sunday,2013-11-06 01:00:00,7198,4204
Sunday,2013-11-06 02:00:00,4357,2714
Sunday,2013-11-06 03:00:00,2893,1826
Sunday,2013-11-06 04:00:00,2826,1870
Sunday,2013-11-06 05:00:00,4315,2798
Sunday,2013-11-06 06:00:00,12582,5926
Sunday,2013-11-06 07:00:00,23345,8812
Sunday,2013-11-06 08:00:00,26647,9782
Sunday,2013-11-06 09:00:00,25347,10245
Sunday,2013-11-06 10:00:00,22543,10147
Sunday,2013-11-06 11:00:00,22543,10104
Sunday,2013-11-06 12:00:00,23500,10076
Sunday,2013-11-06 13:00:00,22185,10109
Sunday,2013-11-06 14:00:00,23942,10026
Sunday,2013-11-06 15:00:00,22170,9302
Sunday,2013-11-06 16:00:00,17927,8369
Sunday,2013-11-06 17:00:00,23396,9614
Sunday,2013-11-06 18:00:00,30131,10912
Sunday,2013-11-06 19:00:00,31672,11176
Sunday,2013-11-06 20:00:00,30751,11001
Sunday,2013-11-06 21:00:00,30576,10741
Sunday,2013-11-06 22:00:00,28253,10445
Sunday,2013-11-06 23:00:00,23047,9905
Monday,2013-11-07 00:00:00,15487,7995
Monday,2013-11-07 01:00:00,8931,5163
Monday,2013-11-07 02:00:00,5490,3280
Monday,2013-11-07 03:00:00,3566,2249
Monday,2013-11-07 04:00:00,3287,2160
Monday,2013-11-07 05:00:00,4536,2909
Monday,2013-11-07 06:00:00,12741,6023
Monday,2013-11-07 07:00:00,23658,8762
Monday,2013-11-07 08:00:00,27490,9878
Monday,2013-11-07 09:00:00,25953,10343
Monday,2013-11-07 10:00:00,25099,10448
Monday,2013-11-07 11:00:00,24222,10434
Monday,2013-11-07 12:00:00,23480,10384
Monday,2013-11-07 13:00:00,23349,10295
Monday,2013-11-07 14:00:00,23589,10096
Monday,2013-11-07 15:00:00,20263,9223
Monday,2013-11-07 16:00:00,15913,8054
Monday,2013-11-07 17:00:00,22039,9452
Monday,2013-11-07 18:00:00,29940,10736
Monday,2013-11-07 19:00:00,33006,11311
Monday,2013-11-07 20:00:00,33032,11512
Monday,2013-11-07 21:00:00,32841,11301
Monday,2013-11-07 22:00:00,31886,11160
Monday,2013-11-07 23:00:00,28434,10750
Tuesday,2013-11-08 00:00:00,21144,9509
Tuesday,2013-11-08 01:00:00,13022,6933
Tuesday,2013-11-08 02:00:00,8698,4704
Tuesday,2013-11-08 03:00:00,5752,3281
Tuesday,2013-11-08 04:00:00,4709,2779
Tuesday,2013-11-08 05:00:00,5109,3207
Tuesday,2013-11-08 06:00:00,12366,6093
Tuesday,2013-11-08 07:00:00,22830,8798
Tuesday,2013-11-08 08:00:00,25813,9801
Tuesday,2013-11-08 09:00:00,24874,10170
Tuesday,2013-11-08 10:00:00,23636,10241
Tuesday,2013-11-08 11:00:00,23213,10017
Tuesday,2013-11-08 12:00:00,23177,9298
Tuesday,2013-11-08 13:00:00,23379,9683
Tuesday,2013-11-08 14:00:00,24237,9945
Tuesday,2013-11-08 15:00:00,21276,9326
Tuesday,2013-11-08 16:00:00,16894,8317
Tuesday,2013-11-08 17:00:00,22209,9552
Tuesday,2013-11-08 18:00:00,29172,10759
Tuesday,2013-11-08 19:00:00,32828,11294
Tuesday,2013-11-08 20:00:00,32967,11430
Tuesday,2013-11-08 21:00:00,32927,11269
Tuesday,2013-11-08 22:00:00,33783,11206
Tuesday,2013-11-08 23:00:00,33308,11006
Wednesday,2013-11-09 00:00:00,31039,10710
Wednesday,2013-11-09 01:00:00,26464,10067
Wednesday,2013-11-09 02:00:00,21733,8949
Wednesday,2013-11-09 03:00:00,16399,7281
Wednesday,2013-11-09 04:00:00,10517,5301
Wednesday,2013-11-09 05:00:00,4979,3127
Wednesday,2013-11-09 06:00:00,5479,3489
Wednesday,2013-11-09 07:00:00,8122,4843
Wednesday,2013-11-09 08:00:00,12998,6446
Wednesday,2013-11-09 09:00:00,18166,7642
Wednesday,2013-11-09 10:00:00,22052,8758
Wednesday,2013-11-09 11:00:00,24906,9459
Wednesday,2013-11-09 12:00:00,27042,9739
Wednesday,2013-11-09 13:00:00,26652,9954
Wednesday,2013-11-09 14:00:00,25988,9928
Wednesday,2013-11-09 15:00:00,25600,9525
Wednesday,2013-11-09 16:00:00,19997,8310
Wednesday,2013-11-09 17:00:00,23670,8830
Wednesday,2013-11-09 18:00:00,29589,9979
Wednesday,2013-11-09 19:00:00,31575,10416
Wednesday,2013-11-09 20:00:00,28984,10626
Wednesday,2013-11-09 21:00:00,28650,10570
Wednesday,2013-11-09 22:00:00,30988,10681
Wednesday,2013-11-09 23:00:00,32308,10833
Thursday,2013-11-10 00:00:00,31268,10657
Thursday,2013-11-10 01:00:00,27871,10041
Thursday,2013-11-10 02:00:00,24330,9281
Thursday,2013-11-10 03:00:00,18858,7980
Thursday,2013-11-10 04:00:00,12092,5869
Thursday,2013-11-10 05:00:00,5313,3254
Thursday,2013-11-10 06:00:00,4712,3072
Thursday,2013-11-10 07:00:00,6207,3847
Thursday,2013-11-10 08:00:00,9849,5031
Thursday,2013-11-10 09:00:00,15252,6461
Thursday,2013-11-10 10:00:00,20794,7826
Thursday,2013-11-10 11:00:00,24043,8569
Thursday,2013-11-10 12:00:00,25476,8945
Thursday,2013-11-10 13:00:00,25529,9203
Thursday,2013-11-10 14:00:00,26038,9214
Thursday,2013-11-10 15:00:00,22353,8849
Thursday,2013-11-10 16:00:00,19309,8090
Thursday,2013-11-10 17:00:00,21756,8466
Thursday,2013-11-10 18:00:00,24656,9010
Thursday,2013-11-10 19:00:00,23391,9053
Thursday,2013-11-10 20:00:00,21008,8924
Thursday,2013-11-10 21:00:00,20535,8634
Thursday,2013-11-10 22:00:00,18554,8014
Thursday,2013-11-10 23:00:00,14637,6949
Friday,2013-11-11 00:00:00,10257,5452
Friday,2013-11-11 01:00:00,6011,3483
Friday,2013-11-11 02:00:00,4293,2430
Friday,2013-11-11 03:00:00,3019,1812
Friday,2013-11-11 04:00:00,3123,1941
Friday,2013-11-11 05:00:00,4372,2609
Friday,2013-11-11 06:00:00,9805,4619
Friday,2013-11-11 07:00:00,17834,6742
Friday,2013-11-11 08:00:00,22228,8127
Friday,2013-11-11 09:00:00,22976,8823
Friday,2013-11-11 10:00:00,20369,8930
Friday,2013-11-11 11:00:00,19926,8921
Friday,2013-11-11 12:00:00,20533,8835
Friday,2013-11-11 13:00:00,19640,8913
Friday,2013-11-11 14:00:00,21169,8970
Friday,2013-11-11 15:00:00,20556,8625
Friday,2013-11-11 16:00:00,17710,7937
Friday,2013-11-11 17:00:00,22441,8820
Friday,2013-11-11 18:00:00,28130,9874
Friday,2013-11-11 19:00:00,28136,10110
Friday,2013-11-11 20:00:00,25663,9910
Friday,2013-11-11 21:00:00,24052,9427
Friday,2013-11-11 22:00:00,20682,8860
Friday,2013-11-11 23:00:00,16168,7669
Saturday,2013-11-12 00:00:00,9584,5377
Saturday,2013-11-12 01:00:00,5693,3397
Saturday,2013-11-12 02:00:00,3479,2172
Saturday,2013-11-12 03:00:00,2378,1576
Saturday,2013-11-12 04:00:00,2492,1750
Saturday,2013-11-12 05:00:00,4501,2815
Saturday,2013-11-12 06:00:00,13862,5847
Saturday,2013-11-12 07:00:00,23604,8302
Saturday,2013-11-12 08:00:00,26265,9434
Saturday,2013-11-12 09:00:00,24904,9929
Saturday,2013-11-12 10:00:00,22534,10032
Saturday,2013-11-12 11:00:00,21937,9960
Saturday,2013-11-12 12:00:00,22606,10028
Saturday,2013-11-12 13:00:00,22326,10063
Saturday,2013-11-12 14:00:00,23761,9986
Saturday,2013-11-12 15:00:00,22623,9382
Saturday,2013-11-12 16:00:00,18052,8195
Saturday,2013-11-12 17:00:00,23026,9121
Saturday,2013-11-12 18:00:00,29251,10285
Saturday,2013-11-12 19:00:00,31395,10916
Saturday,2013-11-12 20:00:00,30800,10853
Saturday,2013-11-12 21:00:00,30413,10659
Saturday,2013-11-12 22:00:00,27688,10295
Saturday,2013-11-12 23:00:00,20285,9406
Sunday,2013-11-13 00:00:00,12956,6986
Sunday,2013-11-13 01:00:00,7228,4324
Sunday,2013-11-13 02:00:00,4379,2724
Sunday,2013-11-13 03:00:00,2944,1893
Sunday,2013-11-13 04:00:00,2696,1784
Sunday,2013-11-13 05:00:00,4370,2763
Sunday,2013-11-13 06:00:00,12576,5702
Sunday,2013-11-13 07:00:00,23696,8334
Sunday,2013-11-13 08:00:00,27671,9496
Sunday,2013-11-13 09:00:00,25876,10202
Sunday,2013-11-13 10:00:00,23416,10086
Sunday,2013-11-13 11:00:00,23237,10159
Sunday,2013-11-13 12:00:00,23803,10200
Sunday,2013-11-13 13:00:00,22825,10167
Sunday,2013-11-13 14:00:00,24031,10080
Sunday,2013-11-13 15:00:00,22658,9402
Sunday,2013-11-13 16:00:00,17183,7925
Sunday,2013-11-13 17:00:00,21883,8774
Sunday,2013-11-13 18:00:00,29174,10132
Sunday,2013-11-13 19:00:00,31847,10872
Sunday,2013-11-13 20:00:00,31314,11015
Sunday,2013-11-13 21:00:00,31090,10833
Sunday,2013-11-13 22:00:00,29584,10516
Sunday,2013-11-13 23:00:00,23450,9848
Monday,2013-11-14 00:00:00,15420,7967
Monday,2013-11-14 01:00:00,8879,5063
Monday,2013-11-14 02:00:00,5521,3278
Monday,2013-11-14 03:00:00,3633,2284
Monday,2013-11-14 04:00:00,3173,2109
Monday,2013-11-14 05:00:00,4531,2850
Monday,2013-11-14 06:00:00,12502,5752
Monday,2013-11-14 07:00:00,23472,8570
Monday,2013-11-14 08:00:00,27325,9751
Monday,2013-11-14 09:00:00,25353,10161
Monday,2013-11-14 10:00:00,23022,10147
Monday,2013-11-14 11:00:00,23113,10140
Monday,2013-11-14 12:00:00,23556,10110
Monday,2013-11-14 13:00:00,22900,10133
Monday,2013-11-14 14:00:00,24198,10152
Monday,2013-11-14 15:00:00,22070,9349
Monday,2013-11-14 16:00:00,16992,7994
Monday,2013-11-14 17:00:00,22193,9016
Monday,2013-11-14 18:00:00,29544,10374
Monday,2013-11-14 19:00:00,31975,10990
Monday,2013-11-14 20:00:00,31643,11095
Monday,2013-11-14 21:00:00,31822,11033
Monday,2013-11-14 22:00:00,30575,10735
Monday,2013-11-14 23:00:00,28254,10445
Tuesday,2013-11-15 00:00:00,21522,9503
Tuesday,2013-11-15 01:00:00,13467,7017
Tuesday,2013-11-15 02:00:00,8908,4788
Tuesday,2013-11-15 03:00:00,5958,3421
Tuesday,2013-11-15 04:00:00,4724,2766
Tuesday,2013-11-15 05:00:00,4972,3082
Tuesday,2013-11-15 06:00:00,11972,5888
Tuesday,2013-11-15 07:00:00,22242,8590
Tuesday,2013-11-15 08:00:00,26294,9763
Tuesday,2013-11-15 09:00:00,24780,10062
Tuesday,2013-11-15 10:00:00,22457,9900
Tuesday,2013-11-15 11:00:00,22063,9673
Tuesday,2013-11-15 12:00:00,22656,9027
Tuesday,2013-11-15 13:00:00,22441,9297
Tuesday,2013-11-15 14:00:00,23635,9704
Tuesday,2013-11-15 15:00:00,20898,8911
Tuesday,2013-11-15 16:00:00,16529,7915
Tuesday,2013-11-15 17:00:00,20629,9011
Tuesday,2013-11-15 18:00:00,26761,10353
Tuesday,2013-11-15 19:00:00,30859,11021
Tuesday,2013-11-15 20:00:00,30756,11180
Tuesday,2013-11-15 21:00:00,30847,11021
Tuesday,2013-11-15 22:00:00,31827,10914
Tuesday,2013-11-15 23:00:00,31298,10873
Wednesday,2013-11-16 00:00:00,29516,10622
Wednesday,2013-11-16 01:00:00,26471,9945
Wednesday,2013-11-16 02:00:00,22551,9050
Wednesday,2013-11-16 03:00:00,16517,7539
Wednesday,2013-11-16 04:00:00,10583,5445
Wednesday,2013-11-16 05:00:00,5224,3206
Wednesday,2013-11-16 06:00:00,5653,3413
Wednesday,2013-11-16 07:00:00,8158,4724
Wednesday,2013-11-16 08:00:00,12520,6209
Wednesday,2013-11-16 09:00:00,17473,7424
Wednesday,2013-11-16 10:00:00,20538,8465
Wednesday,2013-11-16 11:00:00,23226,9130
Wednesday,2013-11-16 12:00:00,25133,9351
Wednesday,2013-11-16 13:00:00,25723,9692
Wednesday,2013-11-16 14:00:00,24782,9661
Wednesday,2013-11-16 15:00:00,25310,9320
Wednesday,2013-11-16 16:00:00,20095,8243
Wednesday,2013-11-16 17:00:00,23338,8823
Wednesday,2013-11-16 18:00:00,29190,10034
Wednesday,2013-11-16 19:00:00,31144,10575
Wednesday,2013-11-16 20:00:00,28774,10609
Wednesday,2013-11-16 21:00:00,28277,10448
Wednesday,2013-11-16 22:00:00,30532,10609
Wednesday,2013-11-16 23:00:00,32061,10731
Thursday,2013-11-17 00:00:00,30682,10477
Thursday,2013-11-17 01:00:00,27912,10034
Thursday,2013-11-17 02:00:00,24673,9275
Thursday,2013-11-17 03:00:00,19611,8078
Thursday,2013-11-17 04:00:00,12419,6007
Thursday,2013-11-17 05:00:00,5640,3344
Thursday,2013-11-17 06:00:00,4983,3103
Thursday,2013-11-17 07:00:00,6649,3944
Thursday,2013-11-17 08:00:00,9119,4934
Thursday,2013-11-17 09:00:00,13701,6225
Thursday,2013-11-17 10:00:00,20162,7703
Thursday,2013-11-17 11:00:00,25591,8679
Thursday,2013-11-17 12:00:00,25960,8932
Thursday,2013-11-17 13:00:00,25798,9227
Thursday,2013-11-17 14:00:00,24531,9245
Thursday,2013-11-17 15:00:00,22449,8763
Thursday,2013-11-17 16:00:00,18776,7632
Thursday,2013-11-17 17:00:00,20873,8135
Thursday,2013-11-17 18:00:00,23512,8863
Thursday,2013-11-17 19:00:00,21546,8840
Thursday,2013-11-17 20:00:00,19248,8174
Thursday,2013-11-17 21:00:00,18923,8122
Thursday,2013-11-17 22:00:00,16015,7340
Thursday,2013-11-17 23:00:00,12657,6378
Friday,2013-11-18 00:00:00,9633,5312
Friday,2013-11-18 01:00:00,5475,3391
Friday,2013-11-18 02:00:00,3393,2121
Friday,2013-11-18 03:00:00,2374,1523
Friday,2013-11-18 04:00:00,2817,1790
Friday,2013-11-18 05:00:00,4783,2893
Friday,2013-11-18 06:00:00,12039,5411
Friday,2013-11-18 07:00:00,20945,7735
Friday,2013-11-18 08:00:00,24255,8930
Friday,2013-11-18 09:00:00,22781,9454
Friday,2013-11-18 10:00:00,19528,9283
Friday,2013-11-18 11:00:00,18690,8878
Friday,2013-11-18 12:00:00,19461,8807
Friday,2013-11-18 13:00:00,19336,9066
Friday,2013-11-18 14:00:00,20908,9281
Friday,2013-11-18 15:00:00,20892,8937
Friday,2013-11-18 16:00:00,18360,8098
Friday,2013-11-18 17:00:00,22589,9268
Friday,2013-11-18 18:00:00,27710,10377
Friday,2013-11-18 19:00:00,27527,10514
Friday,2013-11-18 20:00:00,26175,10114
Friday,2013-11-18 21:00:00,24981,9592
Friday,2013-11-18 22:00:00,21605,9086
Friday,2013-11-18 23:00:00,15923,7814
Saturday,2013-11-19 00:00:00,10012,5575
Saturday,2013-11-19 01:00:00,5969,3520
Saturday,2013-11-19 02:00:00,3639,2275
Saturday,2013-11-19 03:00:00,2571,1669
Saturday,2013-11-19 04:00:00,2432,1660
Saturday,2013-11-19 05:00:00,4157,2666
Saturday,2013-11-19 06:00:00,11785,5635
Saturday,2013-11-19 07:00:00,22541,8424
Saturday,2013-11-19 08:00:00,26419,9647
Saturday,2013-11-19 09:00:00,24787,10254
Saturday,2013-11-19 10:00:00,21988,10066
Saturday,2013-11-19 11:00:00,21474,9899
Saturday,2013-11-19 12:00:00,22102,9881
Saturday,2013-11-19 13:00:00,21815,9874
Saturday,2013-11-19 14:00:00,23301,9787
Saturday,2013-11-19 15:00:00,22202,9253
Saturday,2013-11-19 16:00:00,17549,8094
Saturday,2013-11-19 17:00:00,22982,9243
Saturday,2013-11-19 18:00:00,30157,10406
Saturday,2013-11-19 19:00:00,31962,11013
Saturday,2013-11-19 20:00:00,30993,10797
Saturday,2013-11-19 21:00:00,30709,10626
Saturday,2013-11-19 22:00:00,28389,10242
Saturday,2013-11-19 23:00:00,21231,9369
Sunday,2013-11-20 00:00:00,13495,7202
Sunday,2013-11-20 01:00:00,7582,4439
Sunday,2013-11-20 02:00:00,4696,2806
Sunday,2013-11-20 03:00:00,3175,1997
Sunday,2013-11-20 04:00:00,2898,1931
Sunday,2013-11-20 05:00:00,4270,2738
Sunday,2013-11-20 06:00:00,12127,5722
Sunday,2013-11-20 07:00:00,23627,8586
Sunday,2013-11-20 08:00:00,27479,9598
Sunday,2013-11-20 09:00:00,26381,10210
Sunday,2013-11-20 10:00:00,23328,10152
Sunday,2013-11-20 11:00:00,22488,10087
Sunday,2013-11-20 12:00:00,23069,10057
Sunday,2013-11-20 13:00:00,22280,10146
Sunday,2013-11-20 14:00:00,23424,10036
Sunday,2013-11-20 15:00:00,22196,9412
Sunday,2013-11-20 16:00:00,17393,8163
Sunday,2013-11-20 17:00:00,22745,9354
Sunday,2013-11-20 18:00:00,29557,10714
Sunday,2013-11-20 19:00:00,31468,11070
Sunday,2013-11-20 20:00:00,31286,10998
Sunday,2013-11-20 21:00:00,30821,10803
Sunday,2013-11-20 22:00:00,28960,10337
Sunday,2013-11-20 23:00:00,23862,9878
Monday,2013-11-21 00:00:00,15157,7949
Monday,2013-11-21 01:00:00,8727,5080
Monday,2013-11-21 02:00:00,5471,3319
Monday,2013-11-21 03:00:00,3632,2274
Monday,2013-11-21 04:00:00,3232,2123
Monday,2013-11-21 05:00:00,4659,2912
Monday,2013-11-21 06:00:00,12490,5771
Monday,2013-11-21 07:00:00,23426,8669
Monday,2013-11-21 08:00:00,26863,9614
Monday,2013-11-21 09:00:00,25798,10197
Monday,2013-11-21 10:00:00,22657,10158
Monday,2013-11-21 11:00:00,21965,9965
Monday,2013-11-21 12:00:00,22468,10037
Monday,2013-11-21 13:00:00,22049,10117
Monday,2013-11-21 14:00:00,23551,10070
Monday,2013-11-21 15:00:00,21513,9328
Monday,2013-11-21 16:00:00,16457,7972
Monday,2013-11-21 17:00:00,21426,9130
Monday,2013-11-21 18:00:00,28759,10567
Monday,2013-11-21 19:00:00,31086,11096
Monday,2013-11-21 20:00:00,31451,11173
Monday,2013-11-21 21:00:00,31326,11123
Monday,2013-11-21 22:00:00,30982,10788
Monday,2013-11-21 23:00:00,28070,10628
Tuesday,2013-11-22 00:00:00,21507,9598
Tuesday,2013-11-22 01:00:00,13952,7209
Tuesday,2013-11-22 02:00:00,9418,5015
Tuesday,2013-11-22 03:00:00,6025,3411
Tuesday,2013-11-22 04:00:00,4629,2768
Tuesday,2013-11-22 05:00:00,5033,3123
Tuesday,2013-11-22 06:00:00,11889,5809
Tuesday,2013-11-22 07:00:00,22833,8588
Tuesday,2013-11-22 08:00:00,26368,9619
Tuesday,2013-11-22 09:00:00,25273,10027
Tuesday,2013-11-22 10:00:00,23712,10141
Tuesday,2013-11-22 11:00:00,22155,9997
Tuesday,2013-11-22 12:00:00,21904,9113
Tuesday,2013-11-22 13:00:00,22533,9445
Tuesday,2013-11-22 14:00:00,24425,9848
Tuesday,2013-11-22 15:00:00,22302,9200
Tuesday,2013-11-22 16:00:00,17012,8054
Tuesday,2013-11-22 17:00:00,22100,9166
Tuesday,2013-11-22 18:00:00,29060,10468
Tuesday,2013-11-22 19:00:00,32020,10958
Tuesday,2013-11-22 20:00:00,30941,10998
Tuesday,2013-11-22 21:00:00,30765,11013
Tuesday,2013-11-22 22:00:00,31649,11008
Tuesday,2013-11-22 23:00:00,31991,10952
Wednesday,2013-11-23 00:00:00,30242,10647
Wednesday,2013-11-23 01:00:00,26621,9902
Wednesday,2013-11-23 02:00:00,22049,8883
Wednesday,2013-11-23 03:00:00,16155,7380
Wednesday,2013-11-23 04:00:00,10388,5340
Wednesday,2013-11-23 05:00:00,4944,3105
Wednesday,2013-11-23 06:00:00,5668,3473
Wednesday,2013-11-23 07:00:00,7999,4639
Wednesday,2013-11-23 08:00:00,12114,6078
Wednesday,2013-11-23 09:00:00,17512,7502
Wednesday,2013-11-23 10:00:00,21019,8630
Wednesday,2013-11-23 11:00:00,23919,9356
Wednesday,2013-11-23 12:00:00,25804,9533
Wednesday,2013-11-23 13:00:00,26532,9794
Wednesday,2013-11-23 14:00:00,26126,9748
Wednesday,2013-11-23 15:00:00,25338,9404
Wednesday,2013-11-23 16:00:00,20571,8303
Wednesday,2013-11-23 17:00:00,24261,8750
Wednesday,2013-11-23 18:00:00,30606,10044
Wednesday,2013-11-23 19:00:00,32700,10580
Wednesday,2013-11-23 20:00:00,30511,10779
Wednesday,2013-11-23 21:00:00,30602,10814
Wednesday,2013-11-23 22:00:00,33181,10891
Wednesday,2013-11-23 23:00:00,34034,10916
Thursday,2013-11-24 00:00:00,32369,10662
Thursday,2013-11-24 01:00:00,29120,10118
Thursday,2013-11-24 02:00:00,25111,9313
Thursday,2013-11-24 03:00:00,19103,7983
Thursday,2013-11-24 04:00:00,11623,5769
Thursday,2013-11-24 05:00:00,5195,3156
Thursday,2013-11-24 06:00:00,4836,3036
Thursday,2013-11-24 07:00:00,6277,3774
Thursday,2013-11-24 08:00:00,9764,5007
Thursday,2013-11-24 09:00:00,15528,6514
Thursday,2013-11-24 10:00:00,21642,7857
Thursday,2013-11-24 11:00:00,26135,8756
Thursday,2013-11-24 12:00:00,27951,9057
Thursday,2013-11-24 13:00:00,27466,9308
Thursday,2013-11-24 14:00:00,27103,9321
Thursday,2013-11-24 15:00:00,25553,8868
Thursday,2013-11-24 16:00:00,21942,8150
Thursday,2013-11-24 17:00:00,23758,8306
Thursday,2013-11-24 18:00:00,25588,8920
Thursday,2013-11-24 19:00:00,24482,8927
Thursday,2013-11-24 20:00:00,21990,8486
Thursday,2013-11-24 21:00:00,19878,8099
Thursday,2013-11-24 22:00:00,17202,7583
Thursday,2013-11-24 23:00:00,14287,6562
Friday,2013-11-25 00:00:00,9459,4953
Friday,2013-11-25 01:00:00,5114,3056
Friday,2013-11-25 02:00:00,3066,1946
Friday,2013-11-25 03:00:00,2184,1408
Friday,2013-11-25 04:00:00,2446,1612
Friday,2013-11-25 05:00:00,4264,2678
Friday,2013-11-25 06:00:00,11923,5224
Friday,2013-11-25 07:00:00,21582,7932
Friday,2013-11-25 08:00:00,24667,8917
Friday,2013-11-25 09:00:00,24210,9432
Friday,2013-11-25 10:00:00,21973,9326
Friday,2013-11-25 11:00:00,21364,9132
Friday,2013-11-25 12:00:00,21951,8982
Friday,2013-11-25 13:00:00,21057,9097
Friday,2013-11-25 14:00:00,23368,9342
Friday,2013-11-25 15:00:00,22500,8724
Friday,2013-11-25 16:00:00,17442,7581
Friday,2013-11-25 17:00:00,22143,8601
Friday,2013-11-25 18:00:00,28036,9808
Friday,2013-11-25 19:00:00,29770,10100
Friday,2013-11-25 20:00:00,27632,10002
Friday,2013-11-25 21:00:00,26476,9722
Friday,2013-11-25 22:00:00,23193,9311
Friday,2013-11-25 23:00:00,17042,8192
Saturday,2013-11-26 00:00:00,10702,5961
Saturday,2013-11-26 01:00:00,6510,3811
Saturday,2013-11-26 02:00:00,3998,2449
Saturday,2013-11-26 03:00:00,2697,1726
Saturday,2013-11-26 04:00:00,2949,1861
Saturday,2013-11-26 05:00:00,4700,2781
Saturday,2013-11-26 06:00:00,11862,5447
Saturday,2013-11-26 07:00:00,21633,8152
Saturday,2013-11-26 08:00:00,25361,9349
Saturday,2013-11-26 09:00:00,24664,9929
Saturday,2013-11-26 10:00:00,22678,9869
Saturday,2013-11-26 11:00:00,22332,9820
Saturday,2013-11-26 12:00:00,23002,9847
Saturday,2013-11-26 13:00:00,22147,9717
Saturday,2013-11-26 14:00:00,22793,9656
Saturday,2013-11-26 15:00:00,18732,8640
Saturday,2013-11-26 16:00:00,13230,7050
Saturday,2013-11-26 17:00:00,17770,8173
Saturday,2013-11-26 18:00:00,22896,9373
Saturday,2013-11-26 19:00:00,25594,9989
Saturday,2013-11-26 20:00:00,25640,10056
Saturday,2013-11-26 21:00:00,25902,10067
Saturday,2013-11-26 22:00:00,25103,9841
Saturday,2013-11-26 23:00:00,21742,9324
Sunday,2013-11-27 00:00:00,15535,7581
Sunday,2013-11-27 01:00:00,9804,5231
Sunday,2013-11-27 02:00:00,5880,3327
Sunday,2013-11-27 03:00:00,3796,2304
Sunday,2013-11-27 04:00:00,3843,2283
Sunday,2013-11-27 05:00:00,4942,2879
Sunday,2013-11-27 06:00:00,11559,5373
Sunday,2013-11-27 07:00:00,19515,7891
Sunday,2013-11-27 08:00:00,23699,9370
Sunday,2013-11-27 09:00:00,23690,9921
Sunday,2013-11-27 10:00:00,21581,9748
Sunday,2013-11-27 11:00:00,21502,9739
Sunday,2013-11-27 12:00:00,23670,9904
Sunday,2013-11-27 13:00:00,24894,10165
Sunday,2013-11-27 14:00:00,24848,9922
Sunday,2013-11-27 15:00:00,21085,8790
Sunday,2013-11-27 16:00:00,15781,7523
Sunday,2013-11-27 17:00:00,21649,8719
Sunday,2013-11-27 18:00:00,26642,9961
Sunday,2013-11-27 19:00:00,25295,10149
Sunday,2013-11-27 20:00:00,21843,9515
Sunday,2013-11-27 21:00:00,21383,9041
Sunday,2013-11-27 22:00:00,21649,8990
Sunday,2013-11-27 23:00:00,20263,8439
Monday,2013-11-28 00:00:00,17282,7523
Monday,2013-11-28 01:00:00,13557,5995
Monday,2013-11-28 02:00:00,11183,4695
Monday,2013-11-28 03:00:00,8545,3849
Monday,2013-11-28 04:00:00,6466,3218
Monday,2013-11-28 05:00:00,4725,2709
Monday,2013-11-28 06:00:00,6071,3365
Monday,2013-11-28 07:00:00,7840,4440
Monday,2013-11-28 08:00:00,9217,5164
Monday,2013-11-28 09:00:00,10580,5789
Monday,2013-11-28 10:00:00,12789,6427
Monday,2013-11-28 11:00:00,15140,6994
Monday,2013-11-28 12:00:00,16572,7243
Monday,2013-11-28 13:00:00,16573,7452
Monday,2013-11-28 14:00:00,16825,7345
Monday,2013-11-28 15:00:00,17534,6970
Monday,2013-11-28 16:00:00,15820,6278
Monday,2013-11-28 17:00:00,15837,6301
Monday,2013-11-28 18:00:00,15603,6621
Monday,2013-11-28 19:00:00,16408,6446
Monday,2013-11-28 20:00:00,17197,6471
Monday,2013-11-28 21:00:00,18504,6629
Monday,2013-11-28 22:00:00,18011,6370
Monday,2013-11-28 23:00:00,14361,5876
Tuesday,2013-11-29 00:00:00,10994,5065
Tuesday,2013-11-29 01:00:00,7951,3891
Tuesday,2013-11-29 02:00:00,5286,2846
Tuesday,2013-11-29 03:00:00,3779,2097
Tuesday,2013-11-29 04:00:00,3219,1830
Tuesday,2013-11-29 05:00:00,2643,1738
Tuesday,2013-11-29 06:00:00,4971,3030
Tuesday,2013-11-29 07:00:00,7395,4443
Tuesday,2013-11-29 08:00:00,9461,5548
Tuesday,2013-11-29 09:00:00,12039,6397
Tuesday,2013-11-29 10:00:00,14668,6986
Tuesday,2013-11-29 11:00:00,16931,7449
Tuesday,2013-11-29 12:00:00,19042,7287
Tuesday,2013-11-29 13:00:00,21054,7789
Tuesday,2013-11-29 14:00:00,21283,8265
Tuesday,2013-11-29 15:00:00,21970,8260
Tuesday,2013-11-29 16:00:00,20118,7998
Tuesday,2013-11-29 17:00:00,22968,8667
Tuesday,2013-11-29 18:00:00,24200,9474
Tuesday,2013-11-29 19:00:00,25246,9692
Tuesday,2013-11-29 20:00:00,21521,9379
Tuesday,2013-11-29 21:00:00,22652,9421
Tuesday,2013-11-29 22:00:00,22974,9334
Tuesday,2013-11-29 23:00:00,21756,8992
Wednesday,2013-11-30 00:00:00,19123,8215
Wednesday,2013-11-30 01:00:00,15273,7010
Wednesday,2013-11-30 02:00:00,12703,5801
Wednesday,2013-11-30 03:00:00,10037,4735
Wednesday,2013-11-30 04:00:00,7302,3699
Wednesday,2013-11-30 05:00:00,3570,2300
Wednesday,2013-11-30 06:00:00,3812,2493
Wednesday,2013-11-30 07:00:00,5086,3379
Wednesday,2013-11-30 08:00:00,7885,4658
Wednesday,2013-11-30 09:00:00,12068,6171
Wednesday,2013-11-30 10:00:00,16549,7546
Wednesday,2013-11-30 11:00:00,19591,8420
Wednesday,2013-11-30 12:00:00,21763,8854
Wednesday,2013-11-30 13:00:00,23588,9200
Wednesday,2013-11-30 14:00:00,22823,9356
Wednesday,2013-11-30 15:00:00,23011,9099
Wednesday,2013-11-30 16:00:00,20339,8302
Wednesday,2013-11-30 17:00:00,22704,8657
Wednesday,2013-11-30 18:00:00,25868,9750
Wednesday,2013-11-30 19:00:00,28594,10173
Wednesday,2013-11-30 20:00:00,24344,10144
Wednesday,2013-11-30 21:00:00,23956,10024
Wednesday,2013-11-30 22:00:00,25831,10059
Wednesday,2013-11-30 23:00:00,26099,9943
